2018-08-01 00:00:00,0.0,130.0
2018-08-01 00:30:00,0.5,140.0
2018-08-01 01:00:00,1.0,100.0
2018-08-01 01:30:00,1.5,120.0
2018-08-01 02:00:00,2.0,100.0
2018-08-01 02:30:00,2.5,140.0
2018-08-01 03:00:00,3.0,90.0
2018-08-01 03:30:00,3.5,110.0
2018-08-01 04:00:00,4.0,120.0
2018-08-01 04:30:00,4.5,100.0
2018-08-01 05:00:00,5.0,80.0
2018-08-01 05:30:00,5.5,90.0
2018-08-01 06:00:00,6.0,120.0
2018-08-01 06:30:00,6.5,70.0
2018-08-01 07:00:00,7.0,90.0
2018-08-01 07:30:00,7.5,170.0
2018-08-01 08:00:00,8.0,220.0
2018-08-01 08:30:00,8.5,240.0
2018-08-01 09:00:00,9.0,200.0
2018-08-01 09:30:00,9.5,240.0
2018-08-01 10:00:00,10.0,230.0
2018-08-01 10:30:00,10.5,230.0
2018-08-01 11:00:00,11.0,230.0
2018-08-01 11:30:00,11.5,250.0
2018-08-01 12:00:00,12.0,230.0
2018-08-01 12:30:00,12.5,250.0
2018-08-01 13:00:00,13.0,440.0
2018-08-01 13:30:00,13.5,520.0
2018-08-01 14:00:00,14.0,410.0
2018-08-01 14:30:00,14.5,410.0
2018-08-01 15:00:00,15.0,440.0
2018-08-01 15:30:00,15.5,400.0
2018-08-01 16:00:00,16.0,430.0
2018-08-01 16:30:00,16.5,470.0
2018-08-01 17:00:00,17.0,420.0
2018-08-01 17:30:00,17.5,370.0
2018-08-01 18:00:00,18.0,400.0
2018-08-01 18:30:00,18.5,340.0
2018-08-01 19:00:00,19.0,300.0
2018-08-01 19:30:00,19.5,320.0
2018-08-01 20:00:00,20.0,290.0
2018-08-01 20:30:00,20.5,280.0
2018-08-01 21:00:00,21.0,260.0
2018-08-01 21:30:00,21.5,270.0
2018-08-01 22:00:00,22.0,400.0
2018-08-01 22:30:00,22.5,360.0
2018-08-01 23:00:00,23.0,210.0
2018-08-01 23:30:00,23.5,170.0
2018-08-02 00:00:00,0.0,170.0
2018-08-02 00:30:00,0.5,140.0
2018-08-02 01:00:00,1.0,150.0
2018-08-02 01:30:00,1.5,140.0
2018-08-02 02:00:00,2.0,140.0
2018-08-02 02:30:00,2.5,130.0
2018-08-02 03:00:00,3.0,130.0
2018-08-02 03:30:00,3.5,140.0
2018-08-02 04:00:00,4.0,120.0
2018-08-02 04:30:00,4.5,150.0
2018-08-02 05:00:00,5.0,130.0
2018-08-02 05:30:00,5.5,130.0
2018-08-02 06:00:00,6.0,130.0
2018-08-02 06:30:00,6.5,120.0
2018-08-02 07:00:00,7.0,120.0
2018-08-02 07:30:00,7.5,170.0
2018-08-02 08:00:00,8.0,230.0
2018-08-02 08:30:00,8.5,280.0
2018-08-02 09:00:00,9.0,240.0
2018-08-02 09:30:00,9.5,210.0
2018-08-02 10:00:00,10.0,190.0
2018-08-02 10:30:00,10.5,210.0
2018-08-02 11:00:00,11.0,240.0
2018-08-02 11:30:00,11.5,220.0
2018-08-02 12:00:00,12.0,400.0
2018-08-02 12:30:00,12.5,380.0
2018-08-02 13:00:00,13.0,410.0
2018-08-02 13:30:00,13.5,410.0
2018-08-02 14:00:00,14.0,400.0
2018-08-02 14:30:00,14.5,390.0
2018-08-02 15:00:00,15.0,400.0
2018-08-02 15:30:00,15.5,380.0
2018-08-02 16:00:00,16.0,410.0
2018-08-02 16:30:00,16.5,390.0
2018-08-02 17:00:00,17.0,380.0
2018-08-02 17:30:00,17.5,420.0
2018-08-02 18:00:00,18.0,320.0
2018-08-02 18:30:00,18.5,310.0
2018-08-02 19:00:00,19.0,290.0
2018-08-02 19:30:00,19.5,320.0
2018-08-02 20:00:00,20.0,230.0
2018-08-02 20:30:00,20.5,260.0
2018-08-02 21:00:00,21.0,440.0
2018-08-02 21:30:00,21.5,480.0
2018-08-02 22:00:00,22.0,360.0
2018-08-02 22:30:00,22.5,200.0
2018-08-02 23:00:00,23.0,190.0
2018-08-02 23:30:00,23.5,160.0
2018-08-03 00:00:00,0.0,160.0
2018-08-03 00:30:00,0.5,170.0
2018-08-03 01:00:00,1.0,140.0
2018-08-03 01:30:00,1.5,130.0
2018-08-03 02:00:00,2.0,140.0
2018-08-03 02:30:00,2.5,120.0
2018-08-03 03:00:00,3.0,140.0
2018-08-03 03:30:00,3.5,110.0
2018-08-03 04:00:00,4.0,130.0
2018-08-03 04:30:00,4.5,120.0
2018-08-03 05:00:00,5.0,130.0
2018-08-03 05:30:00,5.5,100.0
2018-08-03 06:00:00,6.0,130.0
2018-08-03 06:30:00,6.5,120.0
2018-08-03 07:00:00,7.0,150.0
2018-08-03 07:30:00,7.5,160.0
2018-08-03 08:00:00,8.0,200.0
2018-08-03 08:30:00,8.5,250.0
2018-08-03 09:00:00,9.0,340.0
2018-08-03 09:30:00,9.5,240.0
2018-08-03 10:00:00,10.0,200.0
2018-08-03 10:30:00,10.5,230.0
2018-08-03 11:00:00,11.0,220.0
2018-08-03 11:30:00,11.5,300.0
2018-08-03 12:00:00,12.0,290.0
2018-08-03 12:30:00,12.5,370.0
2018-08-03 13:00:00,13.0,430.0
2018-08-03 13:30:00,13.5,440.0
2018-08-03 14:00:00,14.0,420.0
2018-08-03 14:30:00,14.5,370.0
2018-08-03 15:00:00,15.0,380.0
2018-08-03 15:30:00,15.5,390.0
2018-08-03 16:00:00,16.0,400.0
2018-08-03 16:30:00,16.5,380.0
2018-08-03 17:00:00,17.0,420.0
2018-08-03 17:30:00,17.5,190.0
2018-08-03 18:00:00,18.0,150.0
2018-08-03 18:30:00,18.5,290.0
2018-08-03 19:00:00,19.0,330.0
2018-08-03 19:30:00,19.5,300.0
2018-08-03 20:00:00,20.0,270.0
2018-08-03 20:30:00,20.5,370.0
2018-08-03 21:00:00,21.0,440.0
2018-08-03 21:30:00,21.5,460.0
2018-08-03 22:00:00,22.0,370.0
2018-08-03 22:30:00,22.5,330.0
2018-08-03 23:00:00,23.0,280.0
2018-08-03 23:30:00,23.5,180.0
2018-08-04 00:00:00,0.0,150.0
2018-08-04 00:30:00,0.5,160.0
2018-08-04 01:00:00,1.0,140.0
2018-08-04 01:30:00,1.5,130.0
2018-08-04 02:00:00,2.0,130.0
2018-08-04 02:30:00,2.5,130.0
2018-08-04 03:00:00,3.0,130.0
2018-08-04 03:30:00,3.5,130.0
2018-08-04 04:00:00,4.0,130.0
2018-08-04 04:30:00,4.5,120.0
2018-08-04 05:00:00,5.0,130.0
2018-08-04 05:30:00,5.5,120.0
2018-08-04 06:00:00,6.0,120.0
2018-08-04 06:30:00,6.5,110.0
2018-08-04 07:00:00,7.0,130.0
2018-08-04 07:30:00,7.5,160.0
2018-08-04 08:00:00,8.0,160.0
2018-08-04 08:30:00,8.5,260.0
2018-08-04 09:00:00,9.0,150.0
2018-08-04 09:30:00,9.5,160.0
2018-08-04 10:00:00,10.0,180.0
2018-08-04 10:30:00,10.5,180.0
2018-08-04 11:00:00,11.0,210.0
2018-08-04 11:30:00,11.5,250.0
2018-08-04 12:00:00,12.0,270.0
2018-08-04 12:30:00,12.5,260.0
2018-08-04 13:00:00,13.0,250.0
2018-08-04 13:30:00,13.5,250.0
2018-08-04 14:00:00,14.0,460.0
2018-08-04 14:30:00,14.5,440.0
2018-08-04 15:00:00,15.0,370.0
2018-08-04 15:30:00,15.5,360.0
2018-08-04 16:00:00,16.0,360.0
2018-08-04 16:30:00,16.5,360.0
2018-08-04 17:00:00,17.0,380.0
2018-08-04 17:30:00,17.5,310.0
2018-08-04 18:00:00,18.0,300.0
2018-08-04 18:30:00,18.5,240.0
2018-08-04 19:00:00,19.0,210.0
2018-08-04 19:30:00,19.5,350.0
2018-08-04 20:00:00,20.0,290.0
2018-08-04 20:30:00,20.5,280.0
2018-08-04 21:00:00,21.0,280.0
2018-08-04 21:30:00,21.5,270.0
2018-08-04 22:00:00,22.0,250.0
2018-08-04 22:30:00,22.5,230.0
2018-08-04 23:00:00,23.0,410.0
2018-08-04 23:30:00,23.5,390.0
2018-08-05 00:00:00,0.0,330.0
2018-08-05 00:30:00,0.5,180.0
2018-08-05 01:00:00,1.0,160.0
2018-08-05 01:30:00,1.5,140.0
2018-08-05 02:00:00,2.0,140.0
2018-08-05 02:30:00,2.5,130.0
2018-08-05 03:00:00,3.0,130.0
2018-08-05 03:30:00,3.5,120.0
2018-08-05 04:00:00,4.0,130.0
2018-08-05 04:30:00,4.5,100.0
2018-08-05 05:00:00,5.0,120.0
2018-08-05 05:30:00,5.5,130.0
2018-08-05 06:00:00,6.0,140.0
2018-08-05 06:30:00,6.5,110.0
2018-08-05 07:00:00,7.0,270.0
2018-08-05 07:30:00,7.5,230.0
2018-08-05 08:00:00,8.0,230.0
2018-08-05 08:30:00,8.5,230.0
2018-08-05 09:00:00,9.0,290.0
2018-08-05 09:30:00,9.5,410.0
2018-08-05 10:00:00,10.0,350.0
2018-08-05 10:30:00,10.5,260.0
2018-08-05 11:00:00,11.0,260.0
2018-08-05 11:30:00,11.5,250.0
2018-08-05 12:00:00,12.0,280.0
2018-08-05 12:30:00,12.5,590.0
2018-08-05 13:00:00,13.0,540.0
2018-08-05 13:30:00,13.5,610.0
2018-08-05 14:00:00,14.0,640.0
2018-08-05 14:30:00,14.5,630.0
2018-08-05 15:00:00,15.0,610.0
2018-08-05 15:30:00,15.5,720.0
2018-08-05 16:00:00,16.0,670.0
2018-08-05 16:30:00,16.5,630.0
2018-08-05 17:00:00,17.0,610.0
2018-08-05 17:30:00,17.5,690.0
2018-08-05 18:00:00,18.0,660.0
2018-08-05 18:30:00,18.5,610.0
2018-08-05 19:00:00,19.0,620.0
2018-08-05 19:30:00,19.5,580.0
2018-08-05 20:00:00,20.0,580.0
2018-08-05 20:30:00,20.5,620.0
2018-08-05 21:00:00,21.0,710.0
2018-08-05 21:30:00,21.5,610.0
2018-08-05 22:00:00,22.0,770.0
2018-08-05 22:30:00,22.5,610.0
2018-08-05 23:00:00,23.0,470.0
2018-08-05 23:30:00,23.5,360.0
2018-08-06 00:00:00,0.0,340.0
2018-08-06 00:30:00,0.5,310.0
2018-08-06 01:00:00,1.0,300.0
2018-08-06 01:30:00,1.5,290.0
2018-08-06 02:00:00,2.0,270.0
2018-08-06 02:30:00,2.5,280.0
2018-08-06 03:00:00,3.0,270.0
2018-08-06 03:30:00,3.5,270.0
2018-08-06 04:00:00,4.0,240.0
2018-08-06 04:30:00,4.5,230.0
2018-08-06 05:00:00,5.0,140.0
2018-08-06 05:30:00,5.5,180.0
2018-08-06 06:00:00,6.0,180.0
2018-08-06 06:30:00,6.5,240.0
2018-08-06 07:00:00,7.0,390.0
2018-08-06 07:30:00,7.5,460.0
2018-08-06 08:00:00,8.0,430.0
2018-08-06 08:30:00,8.5,450.0
2018-08-06 09:00:00,9.0,410.0
2018-08-06 09:30:00,9.5,450.0
2018-08-06 10:00:00,10.0,420.0
2018-08-06 10:30:00,10.5,290.0
2018-08-06 11:00:00,11.0,210.0
2018-08-06 11:30:00,11.5,230.0
2018-08-06 12:00:00,12.0,220.0
2018-08-06 12:30:00,12.5,370.0
2018-08-06 13:00:00,13.0,450.0
2018-08-06 13:30:00,13.5,430.0
2018-08-06 14:00:00,14.0,510.0
2018-08-06 14:30:00,14.5,460.0
2018-08-06 15:00:00,15.0,430.0
2018-08-06 15:30:00,15.5,500.0
2018-08-06 16:00:00,16.0,580.0
2018-08-06 16:30:00,16.5,640.0
2018-08-06 17:00:00,17.0,600.0
2018-08-06 17:30:00,17.5,560.0
2018-08-06 18:00:00,18.0,670.0
2018-08-06 18:30:00,18.5,470.0
2018-08-06 19:00:00,19.0,490.0
2018-08-06 19:30:00,19.5,430.0
2018-08-06 20:00:00,20.0,430.0
2018-08-06 20:30:00,20.5,430.0
2018-08-06 21:00:00,21.0,330.0
2018-08-06 21:30:00,21.5,320.0
2018-08-06 22:00:00,22.0,280.0
2018-08-06 22:30:00,22.5,250.0
2018-08-06 23:00:00,23.0,200.0
2018-08-06 23:30:00,23.5,210.0
2018-08-07 00:00:00,0.0,180.0
2018-08-07 00:30:00,0.5,170.0
2018-08-07 01:00:00,1.0,150.0
2018-08-07 01:30:00,1.5,210.0
2018-08-07 02:00:00,2.0,90.0
2018-08-07 02:30:00,2.5,140.0
2018-08-07 03:00:00,3.0,100.0
2018-08-07 03:30:00,3.5,100.0
2018-08-07 04:00:00,4.0,90.0
2018-08-07 04:30:00,4.5,90.0
2018-08-07 05:00:00,5.0,80.0
2018-08-07 05:30:00,5.5,80.0
2018-08-07 06:00:00,6.0,70.0
2018-08-07 06:30:00,6.5,80.0
2018-08-07 07:00:00,7.0,80.0
2018-08-07 07:30:00,7.5,70.0
2018-08-07 08:00:00,8.0,390.0
2018-08-07 08:30:00,8.5,220.0
2018-08-07 09:00:00,9.0,200.0
2018-08-07 09:30:00,9.5,180.0
2018-08-07 10:00:00,10.0,170.0
2018-08-07 10:30:00,10.5,150.0
2018-08-07 11:00:00,11.0,100.0
2018-08-07 11:30:00,11.5,90.0
2018-08-07 12:00:00,12.0,80.0
2018-08-07 12:30:00,12.5,70.0
2018-08-07 13:00:00,13.0,70.0
2018-08-07 13:30:00,13.5,70.0
2018-08-07 14:00:00,14.0,60.0
2018-08-07 14:30:00,14.5,70.0
2018-08-07 15:00:00,15.0,80.0
2018-08-07 15:30:00,15.5,50.0
2018-08-07 16:00:00,16.0,70.0
2018-08-07 16:30:00,16.5,60.0
2018-08-07 17:00:00,17.0,60.0
2018-08-07 17:30:00,17.5,90.0
2018-08-07 18:00:00,18.0,50.0
2018-08-07 18:30:00,18.5,100.0
2018-08-07 19:00:00,19.0,230.0
2018-08-07 19:30:00,19.5,510.0
2018-08-07 20:00:00,20.0,190.0
2018-08-07 20:30:00,20.5,160.0
2018-08-07 21:00:00,21.0,210.0
2018-08-07 21:30:00,21.5,180.0
2018-08-07 22:00:00,22.0,150.0
2018-08-07 22:30:00,22.5,170.0
2018-08-07 23:00:00,23.0,100.0
2018-08-07 23:30:00,23.5,110.0
2018-08-08 00:00:00,0.0,110.0
2018-08-08 00:30:00,0.5,100.0
2018-08-08 01:00:00,1.0,100.0
2018-08-08 01:30:00,1.5,70.0
2018-08-08 02:00:00,2.0,70.0
2018-08-08 02:30:00,2.5,70.0
2018-08-08 03:00:00,3.0,60.0
2018-08-08 03:30:00,3.5,80.0
2018-08-08 04:00:00,4.0,50.0
2018-08-08 04:30:00,4.5,60.0
2018-08-08 05:00:00,5.0,70.0
2018-08-08 05:30:00,5.5,60.0
2018-08-08 06:00:00,6.0,70.0
2018-08-08 06:30:00,6.5,60.0
2018-08-08 07:00:00,7.0,80.0
2018-08-08 07:30:00,7.5,330.0
2018-08-08 08:00:00,8.0,170.0
2018-08-08 08:30:00,8.5,110.0
2018-08-08 09:00:00,9.0,280.0
2018-08-08 09:30:00,9.5,160.0
2018-08-08 10:00:00,10.0,200.0
2018-08-08 10:30:00,10.5,210.0
2018-08-08 11:00:00,11.0,180.0
2018-08-08 11:30:00,11.5,220.0
2018-08-08 12:00:00,12.0,310.0
2018-08-08 12:30:00,12.5,330.0
2018-08-08 13:00:00,13.0,370.0
2018-08-08 13:30:00,13.5,400.0
2018-08-08 14:00:00,14.0,380.0
2018-08-08 14:30:00,14.5,340.0
2018-08-08 15:00:00,15.0,360.0
2018-08-08 15:30:00,15.5,320.0
2018-08-08 16:00:00,16.0,310.0
2018-08-08 16:30:00,16.5,380.0
2018-08-08 17:00:00,17.0,400.0
2018-08-08 17:30:00,17.5,520.0
2018-08-08 18:00:00,18.0,400.0
2018-08-08 18:30:00,18.5,480.0
2018-08-08 19:00:00,19.0,310.0
2018-08-08 19:30:00,19.5,280.0
2018-08-08 20:00:00,20.0,280.0
2018-08-08 20:30:00,20.5,260.0
2018-08-08 21:00:00,21.0,250.0
2018-08-08 21:30:00,21.5,230.0
2018-08-08 22:00:00,22.0,150.0
2018-08-08 22:30:00,22.5,120.0
2018-08-08 23:00:00,23.0,130.0
2018-08-08 23:30:00,23.5,110.0
2018-08-09 00:00:00,0.0,130.0
2018-08-09 00:30:00,0.5,120.0
2018-08-09 01:00:00,1.0,170.0
2018-08-09 01:30:00,1.5,80.0
2018-08-09 02:00:00,2.0,90.0
2018-08-09 02:30:00,2.5,90.0
2018-08-09 03:00:00,3.0,90.0
2018-08-09 03:30:00,3.5,110.0
2018-08-09 04:00:00,4.0,100.0
2018-08-09 04:30:00,4.5,80.0
2018-08-09 05:00:00,5.0,70.0
2018-08-09 05:30:00,5.5,90.0
2018-08-09 06:00:00,6.0,70.0
2018-08-09 06:30:00,6.5,240.0
2018-08-09 07:00:00,7.0,140.0
2018-08-09 07:30:00,7.5,190.0
2018-08-09 08:00:00,8.0,130.0
2018-08-09 08:30:00,8.5,110.0
2018-08-09 09:00:00,9.0,140.0
2018-08-09 09:30:00,9.5,270.0
2018-08-09 10:00:00,10.0,250.0
2018-08-09 10:30:00,10.5,270.0
2018-08-09 11:00:00,11.0,320.0
2018-08-09 11:30:00,11.5,170.0
2018-08-09 12:00:00,12.0,180.0
2018-08-09 12:30:00,12.5,170.0
2018-08-09 13:00:00,13.0,190.0
2018-08-09 13:30:00,13.5,300.0
2018-08-09 14:00:00,14.0,310.0
2018-08-09 14:30:00,14.5,340.0
2018-08-09 15:00:00,15.0,420.0
2018-08-09 15:30:00,15.5,460.0
2018-08-09 16:00:00,16.0,600.0
2018-08-09 16:30:00,16.5,620.0
2018-08-09 17:00:00,17.0,690.0
2018-08-09 17:30:00,17.5,760.0
2018-08-09 18:00:00,18.0,710.0
2018-08-09 18:30:00,18.5,580.0
2018-08-09 19:00:00,19.0,500.0
2018-08-09 19:30:00,19.5,480.0
2018-08-09 20:00:00,20.0,430.0
2018-08-09 20:30:00,20.5,420.0
2018-08-09 21:00:00,21.0,410.0
2018-08-09 21:30:00,21.5,360.0
2018-08-09 22:00:00,22.0,310.0
2018-08-09 22:30:00,22.5,260.0
2018-08-09 23:00:00,23.0,260.0
2018-08-09 23:30:00,23.5,270.0
2018-08-10 00:00:00,0.0,240.0
2018-08-10 00:30:00,0.5,190.0
2018-08-10 01:00:00,1.0,200.0
2018-08-10 01:30:00,1.5,170.0
2018-08-10 02:00:00,2.0,180.0
2018-08-10 02:30:00,2.5,160.0
2018-08-10 03:00:00,3.0,140.0
2018-08-10 03:30:00,3.5,180.0
2018-08-10 04:00:00,4.0,150.0
2018-08-10 04:30:00,4.5,140.0
2018-08-10 05:00:00,5.0,160.0
2018-08-10 05:30:00,5.5,140.0
2018-08-10 06:00:00,6.0,150.0
2018-08-10 06:30:00,6.5,390.0
2018-08-10 07:00:00,7.0,290.0
2018-08-10 07:30:00,7.5,460.0
2018-08-10 08:00:00,8.0,400.0
2018-08-10 08:30:00,8.5,360.0
2018-08-10 09:00:00,9.0,330.0
2018-08-10 09:30:00,9.5,340.0
2018-08-10 10:00:00,10.0,320.0
2018-08-10 10:30:00,10.5,280.0
2018-08-10 11:00:00,11.0,230.0
2018-08-10 11:30:00,11.5,230.0
2018-08-10 12:00:00,12.0,470.0
2018-08-10 12:30:00,12.5,500.0
2018-08-10 13:00:00,13.0,550.0
2018-08-10 13:30:00,13.5,610.0
2018-08-10 14:00:00,14.0,610.0
2018-08-10 14:30:00,14.5,550.0
2018-08-10 15:00:00,15.0,560.0
2018-08-10 15:30:00,15.5,570.0
2018-08-10 16:00:00,16.0,590.0
2018-08-10 16:30:00,16.5,830.0
2018-08-10 17:00:00,17.0,600.0
2018-08-10 17:30:00,17.5,650.0
2018-08-10 18:00:00,18.0,810.0
2018-08-10 18:30:00,18.5,630.0
2018-08-10 19:00:00,19.0,570.0
2018-08-10 19:30:00,19.5,580.0
2018-08-10 20:00:00,20.0,580.0
2018-08-10 20:30:00,20.5,550.0
2018-08-10 21:00:00,21.0,520.0
2018-08-10 21:30:00,21.5,490.0
2018-08-10 22:00:00,22.0,420.0
2018-08-10 22:30:00,22.5,330.0
2018-08-10 23:00:00,23.0,320.0
2018-08-10 23:30:00,23.5,310.0
2018-08-11 00:00:00,0.0,370.0
2018-08-11 00:30:00,0.5,280.0
2018-08-11 01:00:00,1.0,280.0
2018-08-11 01:30:00,1.5,260.0
2018-08-11 02:00:00,2.0,220.0
2018-08-11 02:30:00,2.5,220.0
2018-08-11 03:00:00,3.0,180.0
2018-08-11 03:30:00,3.5,200.0
2018-08-11 04:00:00,4.0,170.0
2018-08-11 04:30:00,4.5,170.0
2018-08-11 05:00:00,5.0,150.0
2018-08-11 05:30:00,5.5,160.0
2018-08-11 06:00:00,6.0,160.0
2018-08-11 06:30:00,6.5,150.0
2018-08-11 07:00:00,7.0,190.0
2018-08-11 07:30:00,7.5,300.0
2018-08-11 08:00:00,8.0,450.0
2018-08-11 08:30:00,8.5,360.0
2018-08-11 09:00:00,9.0,340.0
2018-08-11 09:30:00,9.5,330.0
2018-08-11 10:00:00,10.0,510.0
2018-08-11 10:30:00,10.5,540.0
2018-08-11 11:00:00,11.0,490.0
2018-08-11 11:30:00,11.5,500.0
2018-08-11 12:00:00,12.0,600.0
2018-08-11 12:30:00,12.5,700.0
2018-08-11 13:00:00,13.0,780.0
2018-08-11 13:30:00,13.5,620.0
2018-08-11 14:00:00,14.0,580.0
2018-08-11 14:30:00,14.5,530.0
2018-08-11 15:00:00,15.0,430.0
2018-08-11 15:30:00,15.5,360.0
2018-08-11 16:00:00,16.0,390.0
2018-08-11 16:30:00,16.5,420.0
2018-08-11 17:00:00,17.0,450.0
2018-08-11 17:30:00,17.5,460.0
2018-08-11 18:00:00,18.0,640.0
2018-08-11 18:30:00,18.5,570.0
2018-08-11 19:00:00,19.0,530.0
2018-08-11 19:30:00,19.5,530.0
2018-08-11 20:00:00,20.0,450.0
2018-08-11 20:30:00,20.5,340.0
2018-08-11 21:00:00,21.0,520.0
2018-08-11 21:30:00,21.5,420.0
2018-08-11 22:00:00,22.0,340.0
2018-08-11 22:30:00,22.5,260.0
2018-08-11 23:00:00,23.0,260.0
2018-08-11 23:30:00,23.5,190.0
2018-08-12 00:00:00,0.0,230.0
2018-08-12 00:30:00,0.5,180.0
2018-08-12 01:00:00,1.0,180.0
2018-08-12 01:30:00,1.5,180.0
2018-08-12 02:00:00,2.0,180.0
2018-08-12 02:30:00,2.5,140.0
2018-08-12 03:00:00,3.0,160.0
2018-08-12 03:30:00,3.5,160.0
2018-08-12 04:00:00,4.0,140.0
2018-08-12 04:30:00,4.5,120.0
2018-08-12 05:00:00,5.0,150.0
2018-08-12 05:30:00,5.5,130.0
2018-08-12 06:00:00,6.0,130.0
2018-08-12 06:30:00,6.5,120.0
2018-08-12 07:00:00,7.0,110.0
2018-08-12 07:30:00,7.5,180.0
2018-08-12 08:00:00,8.0,420.0
2018-08-12 08:30:00,8.5,340.0
2018-08-12 09:00:00,9.0,380.0
2018-08-12 09:30:00,9.5,400.0
2018-08-12 10:00:00,10.0,280.0
2018-08-12 10:30:00,10.5,150.0
2018-08-12 11:00:00,11.0,130.0
2018-08-12 11:30:00,11.5,150.0
2018-08-12 12:00:00,12.0,210.0
2018-08-12 12:30:00,12.5,430.0
2018-08-12 13:00:00,13.0,430.0
2018-08-12 13:30:00,13.5,510.0
2018-08-12 14:00:00,14.0,520.0
2018-08-12 14:30:00,14.5,480.0
2018-08-12 15:00:00,15.0,480.0
2018-08-12 15:30:00,15.5,480.0
2018-08-12 16:00:00,16.0,470.0
2018-08-12 16:30:00,16.5,470.0
2018-08-12 17:00:00,17.0,570.0
2018-08-12 17:30:00,17.5,670.0
2018-08-12 18:00:00,18.0,500.0
2018-08-12 18:30:00,18.5,480.0
2018-08-12 19:00:00,19.0,470.0
2018-08-12 19:30:00,19.5,460.0
2018-08-12 20:00:00,20.0,460.0
2018-08-12 20:30:00,20.5,370.0
2018-08-12 21:00:00,21.0,290.0
2018-08-12 21:30:00,21.5,330.0
2018-08-12 22:00:00,22.0,270.0
2018-08-12 22:30:00,22.5,230.0
2018-08-12 23:00:00,23.0,220.0
2018-08-12 23:30:00,23.5,200.0
2018-08-13 00:00:00,0.0,210.0
2018-08-13 00:30:00,0.5,210.0
2018-08-13 01:00:00,1.0,220.0
2018-08-13 01:30:00,1.5,180.0
2018-08-13 02:00:00,2.0,160.0
2018-08-13 02:30:00,2.5,150.0
2018-08-13 03:00:00,3.0,140.0
2018-08-13 03:30:00,3.5,130.0
2018-08-13 04:00:00,4.0,110.0
2018-08-13 04:30:00,4.5,120.0
2018-08-13 05:00:00,5.0,110.0
2018-08-13 05:30:00,5.5,100.0
2018-08-13 06:00:00,6.0,150.0
2018-08-13 06:30:00,6.5,170.0
2018-08-13 07:00:00,7.0,340.0
2018-08-13 07:30:00,7.5,340.0
2018-08-13 08:00:00,8.0,350.0
2018-08-13 08:30:00,8.5,320.0
2018-08-13 09:00:00,9.0,300.0
2018-08-13 09:30:00,9.5,390.0
2018-08-13 10:00:00,10.0,330.0
2018-08-13 10:30:00,10.5,350.0
2018-08-13 11:00:00,11.0,320.0
2018-08-13 11:30:00,11.5,300.0
2018-08-13 12:00:00,12.0,340.0
2018-08-13 12:30:00,12.5,540.0
2018-08-13 13:00:00,13.0,520.0
2018-08-13 13:30:00,13.5,450.0
2018-08-13 14:00:00,14.0,450.0
2018-08-13 14:30:00,14.5,480.0
2018-08-13 15:00:00,15.0,500.0
2018-08-13 15:30:00,15.5,530.0
2018-08-13 16:00:00,16.0,540.0
2018-08-13 16:30:00,16.5,530.0
2018-08-13 17:00:00,17.0,540.0
2018-08-13 17:30:00,17.5,630.0
2018-08-13 18:00:00,18.0,460.0
2018-08-13 18:30:00,18.5,470.0
2018-08-13 19:00:00,19.0,460.0
2018-08-13 19:30:00,19.5,340.0
2018-08-13 20:00:00,20.0,340.0
2018-08-13 20:30:00,20.5,310.0
2018-08-13 21:00:00,21.0,300.0
2018-08-13 21:30:00,21.5,230.0
2018-08-13 22:00:00,22.0,230.0
2018-08-13 22:30:00,22.5,220.0
2018-08-13 23:00:00,23.0,220.0
2018-08-13 23:30:00,23.5,180.0
2018-08-14 00:00:00,0.0,140.0
2018-08-14 00:30:00,0.5,170.0
2018-08-14 01:00:00,1.0,120.0
2018-08-14 01:30:00,1.5,100.0
2018-08-14 02:00:00,2.0,140.0
2018-08-14 02:30:00,2.5,80.0
2018-08-14 03:00:00,3.0,120.0
2018-08-14 03:30:00,3.5,90.0
2018-08-14 04:00:00,4.0,100.0
2018-08-14 04:30:00,4.5,110.0
2018-08-14 05:00:00,5.0,110.0
2018-08-14 05:30:00,5.5,80.0
2018-08-14 06:00:00,6.0,100.0
2018-08-14 06:30:00,6.5,120.0
2018-08-14 07:00:00,7.0,310.0
2018-08-14 07:30:00,7.5,350.0
2018-08-14 08:00:00,8.0,310.0
2018-08-14 08:30:00,8.5,310.0
2018-08-14 09:00:00,9.0,350.0
2018-08-14 09:30:00,9.5,370.0
2018-08-14 10:00:00,10.0,330.0
2018-08-14 10:30:00,10.5,240.0
2018-08-14 11:00:00,11.0,220.0
2018-08-14 11:30:00,11.5,240.0
2018-08-14 12:00:00,12.0,370.0
2018-08-14 12:30:00,12.5,450.0
2018-08-14 13:00:00,13.0,580.0
2018-08-14 13:30:00,13.5,610.0
2018-08-14 14:00:00,14.0,570.0
2018-08-14 14:30:00,14.5,560.0
2018-08-14 15:00:00,15.0,630.0
2018-08-14 15:30:00,15.5,600.0
2018-08-14 16:00:00,16.0,590.0
2018-08-14 16:30:00,16.5,560.0
2018-08-14 17:00:00,17.0,730.0
2018-08-14 17:30:00,17.5,590.0
2018-08-14 18:00:00,18.0,630.0
2018-08-14 18:30:00,18.5,650.0
2018-08-14 19:00:00,19.0,610.0
2018-08-14 19:30:00,19.5,550.0
2018-08-14 20:00:00,20.0,560.0
2018-08-14 20:30:00,20.5,590.0
2018-08-14 21:00:00,21.0,580.0
2018-08-14 21:30:00,21.5,530.0
2018-08-14 22:00:00,22.0,410.0
2018-08-14 22:30:00,22.5,370.0
2018-08-14 23:00:00,23.0,420.0
2018-08-14 23:30:00,23.5,370.0
2018-08-15 00:00:00,0.0,360.0
2018-08-15 00:30:00,0.5,240.0
2018-08-15 01:00:00,1.0,260.0
2018-08-15 01:30:00,1.5,230.0
2018-08-15 02:00:00,2.0,190.0
2018-08-15 02:30:00,2.5,220.0
2018-08-15 03:00:00,3.0,170.0
2018-08-15 03:30:00,3.5,170.0
2018-08-15 04:00:00,4.0,180.0
2018-08-15 04:30:00,4.5,160.0
2018-08-15 05:00:00,5.0,140.0
2018-08-15 05:30:00,5.5,180.0
2018-08-15 06:00:00,6.0,410.0
2018-08-15 06:30:00,6.5,290.0
2018-08-15 07:00:00,7.0,330.0
2018-08-15 07:30:00,7.5,260.0
2018-08-15 08:00:00,8.0,130.0
2018-08-15 08:30:00,8.5,180.0
2018-08-15 09:00:00,9.0,310.0
2018-08-15 09:30:00,9.5,220.0
2018-08-15 10:00:00,10.0,220.0
2018-08-15 10:30:00,10.5,220.0
2018-08-15 11:00:00,11.0,250.0
2018-08-15 11:30:00,11.5,230.0
2018-08-15 12:00:00,12.0,270.0
2018-08-15 12:30:00,12.5,230.0
2018-08-15 13:00:00,13.0,210.0
2018-08-15 13:30:00,13.5,300.0
2018-08-15 14:00:00,14.0,260.0
2018-08-15 14:30:00,14.5,250.0
2018-08-15 15:00:00,15.0,240.0
2018-08-15 15:30:00,15.5,250.0
2018-08-15 16:00:00,16.0,520.0
2018-08-15 16:30:00,16.5,690.0
2018-08-15 17:00:00,17.0,440.0
2018-08-15 17:30:00,17.5,410.0
2018-08-15 18:00:00,18.0,400.0
2018-08-15 18:30:00,18.5,610.0
2018-08-15 19:00:00,19.0,400.0
2018-08-15 19:30:00,19.5,380.0
2018-08-15 20:00:00,20.0,310.0
2018-08-15 20:30:00,20.5,430.0
2018-08-15 21:00:00,21.0,500.0
2018-08-15 21:30:00,21.5,470.0
2018-08-15 22:00:00,22.0,440.0
2018-08-15 22:30:00,22.5,240.0
2018-08-15 23:00:00,23.0,220.0
2018-08-15 23:30:00,23.5,160.0
2018-08-16 00:00:00,0.0,220.0
2018-08-16 00:30:00,0.5,200.0
2018-08-16 01:00:00,1.0,110.0
2018-08-16 01:30:00,1.5,100.0
2018-08-16 02:00:00,2.0,110.0
2018-08-16 02:30:00,2.5,100.0
2018-08-16 03:00:00,3.0,100.0
2018-08-16 03:30:00,3.5,110.0
2018-08-16 04:00:00,4.0,90.0
2018-08-16 04:30:00,4.5,100.0
2018-08-16 05:00:00,5.0,110.0
2018-08-16 05:30:00,5.5,120.0
2018-08-16 06:00:00,6.0,130.0
2018-08-16 06:30:00,6.5,120.0
2018-08-16 07:00:00,7.0,100.0
2018-08-16 07:30:00,7.5,110.0
2018-08-16 08:00:00,8.0,100.0
2018-08-16 08:30:00,8.5,310.0
2018-08-16 09:00:00,9.0,270.0
2018-08-16 09:30:00,9.5,280.0
2018-08-16 10:00:00,10.0,250.0
2018-08-16 10:30:00,10.5,220.0
2018-08-16 11:00:00,11.0,250.0
2018-08-16 11:30:00,11.5,230.0
2018-08-16 12:00:00,12.0,240.0
2018-08-16 12:30:00,12.5,270.0
2018-08-16 13:00:00,13.0,330.0
2018-08-16 13:30:00,13.5,810.0
2018-08-16 14:00:00,14.0,790.0
2018-08-16 14:30:00,14.5,660.0
2018-08-16 15:00:00,15.0,390.0
2018-08-16 15:30:00,15.5,270.0
2018-08-16 16:00:00,16.0,260.0
2018-08-16 16:30:00,16.5,340.0
2018-08-16 17:00:00,17.0,330.0
2018-08-16 17:30:00,17.5,260.0
2018-08-16 18:00:00,18.0,280.0
2018-08-16 18:30:00,18.5,330.0
2018-08-16 19:00:00,19.0,420.0
2018-08-16 19:30:00,19.5,400.0
2018-08-16 20:00:00,20.0,300.0
2018-08-16 20:30:00,20.5,280.0
2018-08-16 21:00:00,21.0,140.0
2018-08-16 21:30:00,21.5,110.0
2018-08-16 22:00:00,22.0,120.0
2018-08-16 22:30:00,22.5,160.0
2018-08-16 23:00:00,23.0,160.0
2018-08-16 23:30:00,23.5,170.0
2018-08-17 00:00:00,0.0,120.0
2018-08-17 00:30:00,0.5,110.0
2018-08-17 01:00:00,1.0,100.0
2018-08-17 01:30:00,1.5,100.0
2018-08-17 02:00:00,2.0,70.0
2018-08-17 02:30:00,2.5,80.0
2018-08-17 03:00:00,3.0,90.0
2018-08-17 03:30:00,3.5,80.0
2018-08-17 04:00:00,4.0,110.0
2018-08-17 04:30:00,4.5,90.0
2018-08-17 05:00:00,5.0,100.0
2018-08-17 05:30:00,5.5,60.0
2018-08-17 06:00:00,6.0,80.0
2018-08-17 06:30:00,6.5,50.0
2018-08-17 07:00:00,7.0,50.0
2018-08-17 07:30:00,7.5,130.0
2018-08-17 08:00:00,8.0,240.0
2018-08-17 08:30:00,8.5,200.0
2018-08-17 09:00:00,9.0,130.0
2018-08-17 09:30:00,9.5,80.0
2018-08-17 10:00:00,10.0,90.0
2018-08-17 10:30:00,10.5,110.0
2018-08-17 11:00:00,11.0,90.0
2018-08-17 11:30:00,11.5,120.0
2018-08-17 12:00:00,12.0,80.0
2018-08-17 12:30:00,12.5,70.0
2018-08-17 13:00:00,13.0,110.0
2018-08-17 13:30:00,13.5,110.0
2018-08-17 14:00:00,14.0,100.0
2018-08-17 14:30:00,14.5,120.0
2018-08-17 15:00:00,15.0,100.0
2018-08-17 15:30:00,15.5,160.0
2018-08-17 16:00:00,16.0,260.0
2018-08-17 16:30:00,16.5,220.0
2018-08-17 17:00:00,17.0,220.0
2018-08-17 17:30:00,17.5,120.0
2018-08-17 18:00:00,18.0,100.0
2018-08-17 18:30:00,18.5,150.0
2018-08-17 19:00:00,19.0,130.0
2018-08-17 19:30:00,19.5,100.0
2018-08-17 20:00:00,20.0,120.0
2018-08-17 20:30:00,20.5,90.0
2018-08-17 21:00:00,21.0,100.0
2018-08-17 21:30:00,21.5,80.0
2018-08-17 22:00:00,22.0,80.0
2018-08-17 22:30:00,22.5,70.0
2018-08-17 23:00:00,23.0,80.0
2018-08-17 23:30:00,23.5,100.0
2018-08-18 00:00:00,0.0,50.0
2018-08-18 00:30:00,0.5,50.0
2018-08-18 01:00:00,1.0,60.0
2018-08-18 01:30:00,1.5,40.0
2018-08-18 02:00:00,2.0,60.0
2018-08-18 02:30:00,2.5,40.0
2018-08-18 03:00:00,3.0,40.0
2018-08-18 03:30:00,3.5,70.0
2018-08-18 04:00:00,4.0,90.0
2018-08-18 04:30:00,4.5,80.0
2018-08-18 05:00:00,5.0,70.0
2018-08-18 05:30:00,5.5,40.0
2018-08-18 06:00:00,6.0,50.0
2018-08-18 06:30:00,6.5,70.0
2018-08-18 07:00:00,7.0,50.0
2018-08-18 07:30:00,7.5,50.0
2018-08-18 08:00:00,8.0,50.0
2018-08-18 08:30:00,8.5,260.0
2018-08-18 09:00:00,9.0,150.0
2018-08-18 09:30:00,9.5,80.0
2018-08-18 10:00:00,10.0,90.0
2018-08-18 10:30:00,10.5,100.0
2018-08-18 11:00:00,11.0,90.0
2018-08-18 11:30:00,11.5,110.0
2018-08-18 12:00:00,12.0,100.0
2018-08-18 12:30:00,12.5,70.0
2018-08-18 13:00:00,13.0,110.0
2018-08-18 13:30:00,13.5,90.0
2018-08-18 14:00:00,14.0,100.0
2018-08-18 14:30:00,14.5,110.0
2018-08-18 15:00:00,15.0,100.0
2018-08-18 15:30:00,15.5,120.0
2018-08-18 16:00:00,16.0,120.0
2018-08-18 16:30:00,16.5,130.0
2018-08-18 17:00:00,17.0,120.0
2018-08-18 17:30:00,17.5,170.0
2018-08-18 18:00:00,18.0,140.0
2018-08-18 18:30:00,18.5,150.0
2018-08-18 19:00:00,19.0,130.0
2018-08-18 19:30:00,19.5,150.0
2018-08-18 20:00:00,20.0,90.0
2018-08-18 20:30:00,20.5,190.0
2018-08-18 21:00:00,21.0,260.0
2018-08-18 21:30:00,21.5,120.0
2018-08-18 22:00:00,22.0,110.0
2018-08-18 22:30:00,22.5,110.0
2018-08-18 23:00:00,23.0,70.0
2018-08-18 23:30:00,23.5,130.0
2018-08-19 00:00:00,0.0,70.0
2018-08-19 00:30:00,0.5,60.0
2018-08-19 01:00:00,1.0,60.0
2018-08-19 01:30:00,1.5,50.0
2018-08-19 02:00:00,2.0,60.0
2018-08-19 02:30:00,2.5,70.0
2018-08-19 03:00:00,3.0,40.0
2018-08-19 03:30:00,3.5,50.0
2018-08-19 04:00:00,4.0,60.0
2018-08-19 04:30:00,4.5,100.0
2018-08-19 05:00:00,5.0,70.0
2018-08-19 05:30:00,5.5,80.0
2018-08-19 06:00:00,6.0,50.0
2018-08-19 06:30:00,6.5,40.0
2018-08-19 07:00:00,7.0,80.0
2018-08-19 07:30:00,7.5,40.0
2018-08-19 08:00:00,8.0,220.0
2018-08-19 08:30:00,8.5,160.0
2018-08-19 09:00:00,9.0,80.0
2018-08-19 09:30:00,9.5,100.0
2018-08-19 10:00:00,10.0,100.0
2018-08-19 10:30:00,10.5,90.0
2018-08-19 11:00:00,11.0,100.0
2018-08-19 11:30:00,11.5,100.0
2018-08-19 12:00:00,12.0,100.0
2018-08-19 12:30:00,12.5,90.0
2018-08-19 13:00:00,13.0,100.0
2018-08-19 13:30:00,13.5,110.0
2018-08-19 14:00:00,14.0,110.0
2018-08-19 14:30:00,14.5,100.0
2018-08-19 15:00:00,15.0,120.0
2018-08-19 15:30:00,15.5,110.0
2018-08-19 16:00:00,16.0,100.0
2018-08-19 16:30:00,16.5,110.0
2018-08-19 17:00:00,17.0,130.0
2018-08-19 17:30:00,17.5,120.0
2018-08-19 18:00:00,18.0,140.0
2018-08-19 18:30:00,18.5,100.0
2018-08-19 19:00:00,19.0,110.0
2018-08-19 19:30:00,19.5,90.0
2018-08-19 20:00:00,20.0,110.0
2018-08-19 20:30:00,20.5,80.0
2018-08-19 21:00:00,21.0,100.0
2018-08-19 21:30:00,21.5,90.0
2018-08-19 22:00:00,22.0,100.0
2018-08-19 22:30:00,22.5,70.0
2018-08-19 23:00:00,23.0,70.0
2018-08-19 23:30:00,23.5,110.0
2018-08-20 00:00:00,0.0,60.0
2018-08-20 00:30:00,0.5,70.0
2018-08-20 01:00:00,1.0,60.0
2018-08-20 01:30:00,1.5,50.0
2018-08-20 02:00:00,2.0,70.0
2018-08-20 02:30:00,2.5,50.0
2018-08-20 03:00:00,3.0,50.0
2018-08-20 03:30:00,3.5,80.0
2018-08-20 04:00:00,4.0,50.0
2018-08-20 04:30:00,4.5,80.0
2018-08-20 05:00:00,5.0,90.0
2018-08-20 05:30:00,5.5,80.0
2018-08-20 06:00:00,6.0,80.0
2018-08-20 06:30:00,6.5,70.0
2018-08-20 07:00:00,7.0,60.0
2018-08-20 07:30:00,7.5,50.0
2018-08-20 08:00:00,8.0,220.0
2018-08-20 08:30:00,8.5,80.0
2018-08-20 09:00:00,9.0,90.0
2018-08-20 09:30:00,9.5,170.0
2018-08-20 10:00:00,10.0,90.0
2018-08-20 10:30:00,10.5,110.0
2018-08-20 11:00:00,11.0,90.0
2018-08-20 11:30:00,11.5,110.0
2018-08-20 12:00:00,12.0,100.0
2018-08-20 12:30:00,12.5,90.0
2018-08-20 13:00:00,13.0,100.0
2018-08-20 13:30:00,13.5,90.0
2018-08-20 14:00:00,14.0,100.0
2018-08-20 14:30:00,14.5,120.0
2018-08-20 15:00:00,15.0,90.0
2018-08-20 15:30:00,15.5,60.0
2018-08-20 16:00:00,16.0,80.0
2018-08-20 16:30:00,16.5,90.0
2018-08-20 17:00:00,17.0,120.0
2018-08-20 17:30:00,17.5,170.0
2018-08-20 18:00:00,18.0,120.0
2018-08-20 18:30:00,18.5,120.0
2018-08-20 19:00:00,19.0,100.0
2018-08-20 19:30:00,19.5,120.0
2018-08-20 20:00:00,20.0,110.0
2018-08-20 20:30:00,20.5,90.0
2018-08-20 21:00:00,21.0,90.0
2018-08-20 21:30:00,21.5,90.0
2018-08-20 22:00:00,22.0,130.0
2018-08-20 22:30:00,22.5,130.0
2018-08-20 23:00:00,23.0,110.0
2018-08-20 23:30:00,23.5,170.0
2018-08-21 00:00:00,0.0,90.0
2018-08-21 00:30:00,0.5,60.0
2018-08-21 01:00:00,1.0,110.0
2018-08-21 01:30:00,1.5,50.0
2018-08-21 02:00:00,2.0,90.0
2018-08-21 02:30:00,2.5,70.0
2018-08-21 03:00:00,3.0,60.0
2018-08-21 03:30:00,3.5,50.0
2018-08-21 04:00:00,4.0,70.0
2018-08-21 04:30:00,4.5,80.0
2018-08-21 05:00:00,5.0,80.0
2018-08-21 05:30:00,5.5,80.0
2018-08-21 06:00:00,6.0,60.0
2018-08-21 06:30:00,6.5,50.0
2018-08-21 07:00:00,7.0,60.0
2018-08-21 07:30:00,7.5,190.0
2018-08-21 08:00:00,8.0,90.0
2018-08-21 08:30:00,8.5,80.0
2018-08-21 09:00:00,9.0,130.0
2018-08-21 09:30:00,9.5,180.0
2018-08-21 10:00:00,10.0,160.0
2018-08-21 10:30:00,10.5,110.0
2018-08-21 11:00:00,11.0,140.0
2018-08-21 11:30:00,11.5,110.0
2018-08-21 12:00:00,12.0,130.0
2018-08-21 12:30:00,12.5,200.0
2018-08-21 13:00:00,13.0,240.0
2018-08-21 13:30:00,13.5,210.0
2018-08-21 14:00:00,14.0,250.0
2018-08-21 14:30:00,14.5,330.0
2018-08-21 15:00:00,15.0,500.0
2018-08-21 15:30:00,15.5,420.0
2018-08-21 16:00:00,16.0,400.0
2018-08-21 16:30:00,16.5,450.0
2018-08-21 17:00:00,17.0,450.0
2018-08-21 17:30:00,17.5,420.0
2018-08-21 18:00:00,18.0,340.0
2018-08-21 18:30:00,18.5,300.0
2018-08-21 19:00:00,19.0,250.0
2018-08-21 19:30:00,19.5,260.0
2018-08-21 20:00:00,20.0,250.0
2018-08-21 20:30:00,20.5,250.0
2018-08-21 21:00:00,21.0,360.0
2018-08-21 21:30:00,21.5,330.0
2018-08-21 22:00:00,22.0,310.0
2018-08-21 22:30:00,22.5,230.0
2018-08-21 23:00:00,23.0,160.0
2018-08-21 23:30:00,23.5,140.0
2018-08-22 00:00:00,0.0,120.0
2018-08-22 00:30:00,0.5,90.0
2018-08-22 01:00:00,1.0,100.0
2018-08-22 01:30:00,1.5,100.0
2018-08-22 02:00:00,2.0,90.0
2018-08-22 02:30:00,2.5,90.0
2018-08-22 03:00:00,3.0,100.0
2018-08-22 03:30:00,3.5,60.0
2018-08-22 04:00:00,4.0,60.0
2018-08-22 04:30:00,4.5,70.0
2018-08-22 05:00:00,5.0,90.0
2018-08-22 05:30:00,5.5,90.0
2018-08-22 06:00:00,6.0,90.0
2018-08-22 06:30:00,6.5,100.0
2018-08-22 07:00:00,7.0,80.0
2018-08-22 07:30:00,7.5,90.0
2018-08-22 08:00:00,8.0,80.0
2018-08-22 08:30:00,8.5,220.0
2018-08-22 09:00:00,9.0,210.0
2018-08-22 09:30:00,9.5,280.0
2018-08-22 10:00:00,10.0,250.0
2018-08-22 10:30:00,10.5,240.0
2018-08-22 11:00:00,11.0,240.0
2018-08-22 11:30:00,11.5,240.0
2018-08-22 12:00:00,12.0,220.0
2018-08-22 12:30:00,12.5,260.0
2018-08-22 13:00:00,13.0,260.0
2018-08-22 13:30:00,13.5,430.0
2018-08-22 14:00:00,14.0,530.0
2018-08-22 14:30:00,14.5,420.0
2018-08-22 15:00:00,15.0,380.0
2018-08-22 15:30:00,15.5,390.0
2018-08-22 16:00:00,16.0,370.0
2018-08-22 16:30:00,16.5,440.0
2018-08-22 17:00:00,17.0,400.0
2018-08-22 17:30:00,17.5,370.0
2018-08-22 18:00:00,18.0,410.0
2018-08-22 18:30:00,18.5,260.0
2018-08-22 19:00:00,19.0,230.0
2018-08-22 19:30:00,19.5,250.0
2018-08-22 20:00:00,20.0,250.0
2018-08-22 20:30:00,20.5,260.0
2018-08-22 21:00:00,21.0,260.0
2018-08-22 21:30:00,21.5,250.0
2018-08-22 22:00:00,22.0,400.0
2018-08-22 22:30:00,22.5,490.0
2018-08-22 23:00:00,23.0,360.0
2018-08-22 23:30:00,23.5,260.0
2018-08-23 00:00:00,0.0,150.0
2018-08-23 00:30:00,0.5,120.0
2018-08-23 01:00:00,1.0,130.0
2018-08-23 01:30:00,1.5,100.0
2018-08-23 02:00:00,2.0,120.0
2018-08-23 02:30:00,2.5,100.0
2018-08-23 03:00:00,3.0,80.0
2018-08-23 03:30:00,3.5,80.0
2018-08-23 04:00:00,4.0,110.0
2018-08-23 04:30:00,4.5,80.0
2018-08-23 05:00:00,5.0,100.0
2018-08-23 05:30:00,5.5,50.0
2018-08-23 06:00:00,6.0,80.0
2018-08-23 06:30:00,6.5,110.0
2018-08-23 07:00:00,7.0,100.0
2018-08-23 07:30:00,7.5,190.0
2018-08-23 08:00:00,8.0,240.0
2018-08-23 08:30:00,8.5,290.0
2018-08-23 09:00:00,9.0,260.0
2018-08-23 09:30:00,9.5,220.0
2018-08-23 10:00:00,10.0,160.0
2018-08-23 10:30:00,10.5,240.0
2018-08-23 11:00:00,11.0,220.0
2018-08-23 11:30:00,11.5,220.0
2018-08-23 12:00:00,12.0,220.0
2018-08-23 12:30:00,12.5,320.0
2018-08-23 13:00:00,13.0,490.0
2018-08-23 13:30:00,13.5,530.0
2018-08-23 14:00:00,14.0,460.0
2018-08-23 14:30:00,14.5,520.0
2018-08-23 15:00:00,15.0,400.0
2018-08-23 15:30:00,15.5,410.0
2018-08-23 16:00:00,16.0,330.0
2018-08-23 16:30:00,16.5,350.0
2018-08-23 17:00:00,17.0,330.0
2018-08-23 17:30:00,17.5,280.0
2018-08-23 18:00:00,18.0,300.0
2018-08-23 18:30:00,18.5,300.0
2018-08-23 19:00:00,19.0,280.0
2018-08-23 19:30:00,19.5,270.0
2018-08-23 20:00:00,20.0,270.0
2018-08-23 20:30:00,20.5,240.0
2018-08-23 21:00:00,21.0,340.0
2018-08-23 21:30:00,21.5,310.0
2018-08-23 22:00:00,22.0,230.0
2018-08-23 22:30:00,22.5,150.0
2018-08-23 23:00:00,23.0,130.0
2018-08-23 23:30:00,23.5,130.0
2018-08-24 00:00:00,0.0,120.0
2018-08-24 00:30:00,0.5,130.0
2018-08-24 01:00:00,1.0,110.0
2018-08-24 01:30:00,1.5,120.0
2018-08-24 02:00:00,2.0,120.0
2018-08-24 02:30:00,2.5,130.0
2018-08-24 03:00:00,3.0,100.0
2018-08-24 03:30:00,3.5,100.0
2018-08-24 04:00:00,4.0,110.0
2018-08-24 04:30:00,4.5,110.0
2018-08-24 05:00:00,5.0,110.0
2018-08-24 05:30:00,5.5,100.0
2018-08-24 06:00:00,6.0,90.0
2018-08-24 06:30:00,6.5,90.0
2018-08-24 07:00:00,7.0,100.0
2018-08-24 07:30:00,7.5,210.0
2018-08-24 08:00:00,8.0,140.0
2018-08-24 08:30:00,8.5,120.0
2018-08-24 09:00:00,9.0,180.0
2018-08-24 09:30:00,9.5,250.0
2018-08-24 10:00:00,10.0,220.0
2018-08-24 10:30:00,10.5,250.0
2018-08-24 11:00:00,11.0,220.0
2018-08-24 11:30:00,11.5,240.0
2018-08-24 12:00:00,12.0,230.0
2018-08-24 12:30:00,12.5,290.0
2018-08-24 13:00:00,13.0,430.0
2018-08-24 13:30:00,13.5,360.0
2018-08-24 14:00:00,14.0,360.0
2018-08-24 14:30:00,14.5,430.0
2018-08-24 15:00:00,15.0,290.0
2018-08-24 15:30:00,15.5,350.0
2018-08-24 16:00:00,16.0,350.0
2018-08-24 16:30:00,16.5,390.0
2018-08-24 17:00:00,17.0,710.0
2018-08-24 17:30:00,17.5,360.0
2018-08-24 18:00:00,18.0,450.0
2018-08-24 18:30:00,18.5,280.0
2018-08-24 19:00:00,19.0,280.0
2018-08-24 19:30:00,19.5,290.0
2018-08-24 20:00:00,20.0,270.0
2018-08-24 20:30:00,20.5,260.0
2018-08-24 21:00:00,21.0,250.0
2018-08-24 21:30:00,21.5,270.0
2018-08-24 22:00:00,22.0,220.0
2018-08-24 22:30:00,22.5,320.0
2018-08-24 23:00:00,23.0,310.0
2018-08-24 23:30:00,23.5,290.0
2018-08-25 00:00:00,0.0,120.0
2018-08-25 00:30:00,0.5,120.0
2018-08-25 01:00:00,1.0,130.0
2018-08-25 01:30:00,1.5,110.0
2018-08-25 02:00:00,2.0,130.0
2018-08-25 02:30:00,2.5,140.0
2018-08-25 03:00:00,3.0,110.0
2018-08-25 03:30:00,3.5,110.0
2018-08-25 04:00:00,4.0,50.0
2018-08-25 04:30:00,4.5,110.0
2018-08-25 05:00:00,5.0,100.0
2018-08-25 05:30:00,5.5,90.0
2018-08-25 06:00:00,6.0,60.0
2018-08-25 06:30:00,6.5,140.0
2018-08-25 07:00:00,7.0,110.0
2018-08-25 07:30:00,7.5,120.0
2018-08-25 08:00:00,8.0,120.0
2018-08-25 08:30:00,8.5,230.0
2018-08-25 09:00:00,9.0,260.0
2018-08-25 09:30:00,9.5,250.0
2018-08-25 10:00:00,10.0,230.0
2018-08-25 10:30:00,10.5,250.0
2018-08-25 11:00:00,11.0,240.0
2018-08-25 11:30:00,11.5,340.0
2018-08-25 12:00:00,12.0,570.0
2018-08-25 12:30:00,12.5,480.0
2018-08-25 13:00:00,13.0,470.0
2018-08-25 13:30:00,13.5,440.0
2018-08-25 14:00:00,14.0,440.0
2018-08-25 14:30:00,14.5,430.0
2018-08-25 15:00:00,15.0,420.0
2018-08-25 15:30:00,15.5,450.0
2018-08-25 16:00:00,16.0,390.0
2018-08-25 16:30:00,16.5,350.0
2018-08-25 17:00:00,17.0,430.0
2018-08-25 17:30:00,17.5,420.0
2018-08-25 18:00:00,18.0,620.0
2018-08-25 18:30:00,18.5,420.0
2018-08-25 19:00:00,19.0,410.0
2018-08-25 19:30:00,19.5,400.0
2018-08-25 20:00:00,20.0,370.0
2018-08-25 20:30:00,20.5,390.0
2018-08-25 21:00:00,21.0,340.0
2018-08-25 21:30:00,21.5,500.0
2018-08-25 22:00:00,22.0,510.0
2018-08-25 22:30:00,22.5,280.0
2018-08-25 23:00:00,23.0,180.0
2018-08-25 23:30:00,23.5,150.0
2018-08-26 00:00:00,0.0,160.0
2018-08-26 00:30:00,0.5,140.0
2018-08-26 01:00:00,1.0,150.0
2018-08-26 01:30:00,1.5,110.0
2018-08-26 02:00:00,2.0,130.0
2018-08-26 02:30:00,2.5,110.0
2018-08-26 03:00:00,3.0,120.0
2018-08-26 03:30:00,3.5,110.0
2018-08-26 04:00:00,4.0,130.0
2018-08-26 04:30:00,4.5,110.0
2018-08-26 05:00:00,5.0,130.0
2018-08-26 05:30:00,5.5,90.0
2018-08-26 06:00:00,6.0,120.0
2018-08-26 06:30:00,6.5,90.0
2018-08-26 07:00:00,7.0,120.0
2018-08-26 07:30:00,7.5,90.0
2018-08-26 08:00:00,8.0,310.0
2018-08-26 08:30:00,8.5,310.0
2018-08-26 09:00:00,9.0,140.0
2018-08-26 09:30:00,9.5,260.0
2018-08-26 10:00:00,10.0,280.0
2018-08-26 10:30:00,10.5,260.0
2018-08-26 11:00:00,11.0,260.0
2018-08-26 11:30:00,11.5,260.0
2018-08-26 12:00:00,12.0,250.0
2018-08-26 12:30:00,12.5,450.0
2018-08-26 13:00:00,13.0,530.0
2018-08-26 13:30:00,13.5,420.0
2018-08-26 14:00:00,14.0,410.0
2018-08-26 14:30:00,14.5,440.0
2018-08-26 15:00:00,15.0,390.0
2018-08-26 15:30:00,15.5,410.0
2018-08-26 16:00:00,16.0,390.0
2018-08-26 16:30:00,16.5,480.0
2018-08-26 17:00:00,17.0,420.0
2018-08-26 17:30:00,17.5,420.0
2018-08-26 18:00:00,18.0,430.0
2018-08-26 18:30:00,18.5,400.0
2018-08-26 19:00:00,19.0,390.0
2018-08-26 19:30:00,19.5,410.0
2018-08-26 20:00:00,20.0,300.0
2018-08-26 20:30:00,20.5,320.0
2018-08-26 21:00:00,21.0,380.0
2018-08-26 21:30:00,21.5,430.0
2018-08-26 22:00:00,22.0,610.0
2018-08-26 22:30:00,22.5,430.0
2018-08-26 23:00:00,23.0,390.0
2018-08-26 23:30:00,23.5,240.0
2018-08-27 00:00:00,0.0,160.0
2018-08-27 00:30:00,0.5,140.0
2018-08-27 01:00:00,1.0,150.0
2018-08-27 01:30:00,1.5,130.0
2018-08-27 02:00:00,2.0,150.0
2018-08-27 02:30:00,2.5,120.0
2018-08-27 03:00:00,3.0,130.0
2018-08-27 03:30:00,3.5,90.0
2018-08-27 04:00:00,4.0,110.0
2018-08-27 04:30:00,4.5,100.0
2018-08-27 05:00:00,5.0,90.0
2018-08-27 05:30:00,5.5,90.0
2018-08-27 06:00:00,6.0,120.0
2018-08-27 06:30:00,6.5,110.0
2018-08-27 07:00:00,7.0,110.0
2018-08-27 07:30:00,7.5,290.0
2018-08-27 08:00:00,8.0,230.0
2018-08-27 08:30:00,8.5,220.0
2018-08-27 09:00:00,9.0,210.0
2018-08-27 09:30:00,9.5,270.0
2018-08-27 10:00:00,10.0,220.0
2018-08-27 10:30:00,10.5,210.0
2018-08-27 11:00:00,11.0,240.0
2018-08-27 11:30:00,11.5,210.0
2018-08-27 12:00:00,12.0,260.0
2018-08-27 12:30:00,12.5,200.0
2018-08-27 13:00:00,13.0,240.0
2018-08-27 13:30:00,13.5,380.0
2018-08-27 14:00:00,14.0,530.0
2018-08-27 14:30:00,14.5,420.0
2018-08-27 15:00:00,15.0,380.0
2018-08-27 15:30:00,15.5,440.0
2018-08-27 16:00:00,16.0,440.0
2018-08-27 16:30:00,16.5,360.0
2018-08-27 17:00:00,17.0,370.0
2018-08-27 17:30:00,17.5,300.0
2018-08-27 18:00:00,18.0,320.0
2018-08-27 18:30:00,18.5,280.0
2018-08-27 19:00:00,19.0,280.0
2018-08-27 19:30:00,19.5,240.0
2018-08-27 20:00:00,20.0,250.0
2018-08-27 20:30:00,20.5,250.0
2018-08-27 21:00:00,21.0,230.0
2018-08-27 21:30:00,21.5,400.0
2018-08-27 22:00:00,22.0,230.0
2018-08-27 22:30:00,22.5,140.0
2018-08-27 23:00:00,23.0,120.0
2018-08-27 23:30:00,23.5,120.0
2018-08-28 00:00:00,0.0,110.0
2018-08-28 00:30:00,0.5,110.0
2018-08-28 01:00:00,1.0,90.0
2018-08-28 01:30:00,1.5,120.0
2018-08-28 02:00:00,2.0,100.0
2018-08-28 02:30:00,2.5,110.0
2018-08-28 03:00:00,3.0,100.0
2018-08-28 03:30:00,3.5,90.0
2018-08-28 04:00:00,4.0,100.0
2018-08-28 04:30:00,4.5,60.0
2018-08-28 05:00:00,5.0,100.0
2018-08-28 05:30:00,5.5,50.0
2018-08-28 06:00:00,6.0,70.0
2018-08-28 06:30:00,6.5,80.0
2018-08-28 07:00:00,7.0,50.0
2018-08-28 07:30:00,7.5,150.0
2018-08-28 08:00:00,8.0,190.0
2018-08-28 08:30:00,8.5,100.0
2018-08-28 09:00:00,9.0,130.0
2018-08-28 09:30:00,9.5,110.0
2018-08-28 10:00:00,10.0,100.0
2018-08-28 10:30:00,10.5,100.0
2018-08-28 11:00:00,11.0,100.0
2018-08-28 11:30:00,11.5,170.0
2018-08-28 12:00:00,12.0,130.0
2018-08-28 12:30:00,12.5,110.0
2018-08-28 13:00:00,13.0,90.0
2018-08-28 13:30:00,13.5,120.0
2018-08-28 14:00:00,14.0,170.0
2018-08-28 14:30:00,14.5,160.0
2018-08-28 15:00:00,15.0,130.0
2018-08-28 15:30:00,15.5,130.0
2018-08-28 16:00:00,16.0,180.0
2018-08-28 16:30:00,16.5,250.0
2018-08-28 17:00:00,17.0,170.0
2018-08-28 17:30:00,17.5,160.0
2018-08-28 18:00:00,18.0,250.0
2018-08-28 18:30:00,18.5,250.0
2018-08-28 19:00:00,19.0,150.0
2018-08-28 19:30:00,19.5,110.0
2018-08-28 20:00:00,20.0,110.0
2018-08-28 20:30:00,20.5,230.0
2018-08-28 21:00:00,21.0,210.0
2018-08-28 21:30:00,21.5,200.0
2018-08-28 22:00:00,22.0,160.0
2018-08-28 22:30:00,22.5,150.0
2018-08-28 23:00:00,23.0,210.0
2018-08-28 23:30:00,23.5,100.0
2018-08-29 00:00:00,0.0,90.0
2018-08-29 00:30:00,0.5,90.0
2018-08-29 01:00:00,1.0,120.0
2018-08-29 01:30:00,1.5,90.0
2018-08-29 02:00:00,2.0,110.0
2018-08-29 02:30:00,2.5,70.0
2018-08-29 03:00:00,3.0,60.0
2018-08-29 03:30:00,3.5,90.0
2018-08-29 04:00:00,4.0,60.0
2018-08-29 04:30:00,4.5,80.0
2018-08-29 05:00:00,5.0,50.0
2018-08-29 05:30:00,5.5,50.0
2018-08-29 06:00:00,6.0,100.0
2018-08-29 06:30:00,6.5,50.0
2018-08-29 07:00:00,7.0,50.0
2018-08-29 07:30:00,7.5,130.0
2018-08-29 08:00:00,8.0,190.0
2018-08-29 08:30:00,8.5,140.0
2018-08-29 09:00:00,9.0,100.0
2018-08-29 09:30:00,9.5,90.0
2018-08-29 10:00:00,10.0,100.0
2018-08-29 10:30:00,10.5,80.0
2018-08-29 11:00:00,11.0,100.0
2018-08-29 11:30:00,11.5,100.0
2018-08-29 12:00:00,12.0,90.0
2018-08-29 12:30:00,12.5,120.0
2018-08-29 13:00:00,13.0,150.0
2018-08-29 13:30:00,13.5,120.0
2018-08-29 14:00:00,14.0,120.0
2018-08-29 14:30:00,14.5,120.0
2018-08-29 15:00:00,15.0,100.0
2018-08-29 15:30:00,15.5,170.0
2018-08-29 16:00:00,16.0,170.0
2018-08-29 16:30:00,16.5,200.0
2018-08-29 17:00:00,17.0,240.0
2018-08-29 17:30:00,17.5,290.0
2018-08-29 18:00:00,18.0,110.0
2018-08-29 18:30:00,18.5,240.0
2018-08-29 19:00:00,19.0,240.0
2018-08-29 19:30:00,19.5,140.0
2018-08-29 20:00:00,20.0,120.0
2018-08-29 20:30:00,20.5,80.0
2018-08-29 21:00:00,21.0,120.0
2018-08-29 21:30:00,21.5,120.0
2018-08-29 22:00:00,22.0,190.0
2018-08-29 22:30:00,22.5,130.0
2018-08-29 23:00:00,23.0,140.0
2018-08-29 23:30:00,23.5,130.0
2018-08-30 00:00:00,0.0,110.0
2018-08-30 00:30:00,0.5,100.0
2018-08-30 01:00:00,1.0,70.0
2018-08-30 01:30:00,1.5,60.0
2018-08-30 02:00:00,2.0,80.0
2018-08-30 02:30:00,2.5,80.0
2018-08-30 03:00:00,3.0,80.0
2018-08-30 03:30:00,3.5,60.0
2018-08-30 04:00:00,4.0,60.0
2018-08-30 04:30:00,4.5,60.0
2018-08-30 05:00:00,5.0,80.0
2018-08-30 05:30:00,5.5,70.0
2018-08-30 06:00:00,6.0,50.0
2018-08-30 06:30:00,6.5,70.0
2018-08-30 07:00:00,7.0,50.0
2018-08-30 07:30:00,7.5,210.0
2018-08-30 08:00:00,8.0,130.0
2018-08-30 08:30:00,8.5,80.0
2018-08-30 09:00:00,9.0,140.0
2018-08-30 09:30:00,9.5,110.0
2018-08-30 10:00:00,10.0,90.0
2018-08-30 10:30:00,10.5,180.0
2018-08-30 11:00:00,11.0,270.0
2018-08-30 11:30:00,11.5,260.0
2018-08-30 12:00:00,12.0,240.0
2018-08-30 12:30:00,12.5,230.0
2018-08-30 13:00:00,13.0,240.0
2018-08-30 13:30:00,13.5,260.0
2018-08-30 14:00:00,14.0,250.0
2018-08-30 14:30:00,14.5,260.0
2018-08-30 15:00:00,15.0,250.0
2018-08-30 15:30:00,15.5,280.0
2018-08-30 16:00:00,16.0,290.0
2018-08-30 16:30:00,16.5,220.0
2018-08-30 17:00:00,17.0,240.0
2018-08-30 17:30:00,17.5,280.0
2018-08-30 18:00:00,18.0,240.0
2018-08-30 18:30:00,18.5,240.0
2018-08-30 19:00:00,19.0,250.0
2018-08-30 19:30:00,19.5,240.0
2018-08-30 20:00:00,20.0,250.0
2018-08-30 20:30:00,20.5,240.0
2018-08-30 21:00:00,21.0,260.0
2018-08-30 21:30:00,21.5,240.0
2018-08-30 22:00:00,22.0,140.0
2018-08-30 22:30:00,22.5,230.0
2018-08-30 23:00:00,23.0,180.0
2018-08-30 23:30:00,23.5,240.0
2018-08-31 00:00:00,0.0,140.0
2018-08-31 00:30:00,0.5,140.0
2018-08-31 01:00:00,1.0,130.0
2018-08-31 01:30:00,1.5,130.0
2018-08-31 02:00:00,2.0,110.0
2018-08-31 02:30:00,2.5,80.0
2018-08-31 03:00:00,3.0,70.0
2018-08-31 03:30:00,3.5,100.0
2018-08-31 04:00:00,4.0,80.0
2018-08-31 04:30:00,4.5,90.0
2018-08-31 05:00:00,5.0,70.0
2018-08-31 05:30:00,5.5,80.0
2018-08-31 06:00:00,6.0,60.0
2018-08-31 06:30:00,6.5,100.0
2018-08-31 07:00:00,7.0,50.0
2018-08-31 07:30:00,7.5,200.0
2018-08-31 08:00:00,8.0,180.0
2018-08-31 08:30:00,8.5,110.0
2018-08-31 09:00:00,9.0,240.0
2018-08-31 09:30:00,9.5,250.0
2018-08-31 10:00:00,10.0,230.0
2018-08-31 10:30:00,10.5,210.0
2018-08-31 11:00:00,11.0,260.0
2018-08-31 11:30:00,11.5,230.0
2018-08-31 12:00:00,12.0,250.0
2018-08-31 12:30:00,12.5,210.0
2018-08-31 13:00:00,13.0,230.0
2018-08-31 13:30:00,13.5,280.0
2018-08-31 14:00:00,14.0,260.0
2018-08-31 14:30:00,14.5,260.0
2018-08-31 15:00:00,15.0,240.0
2018-08-31 15:30:00,15.5,250.0
2018-08-31 16:00:00,16.0,430.0
2018-08-31 16:30:00,16.5,360.0
2018-08-31 17:00:00,17.0,260.0
2018-08-31 17:30:00,17.5,290.0
2018-08-31 18:00:00,18.0,270.0
2018-08-31 18:30:00,18.5,280.0
2018-08-31 19:00:00,19.0,240.0
2018-08-31 19:30:00,19.5,250.0
2018-08-31 20:00:00,20.0,120.0
2018-08-31 20:30:00,20.5,120.0
2018-08-31 21:00:00,21.0,200.0
2018-08-31 21:30:00,21.5,160.0
2018-08-31 22:00:00,22.0,180.0
2018-08-31 22:30:00,22.5,140.0
2018-08-31 23:00:00,23.0,110.0
2018-08-31 23:30:00,23.5,110.0
